[
{
    "model": "myapp.publisher",
    "pk": 3,
    "fields": {
        "name": "Wiley",
        "website": "https://www.wiley.com/",
        "city": "Hoboken",
        "country": "USA"
    }
},
{
    "model": "myapp.publisher",
    "pk": 4,
    "fields": {
        "name": "Pearson",
        "website": "https://www.pearson.com/",
        "city": "London",
        "country": "England"
    }
},
{
    "model": "myapp.publisher",
    "pk": 5,
    "fields": {
        "name": "Random House",
        "website": "http://www.randomhousebooks.com/",
        "city": "New York",
        "country": "USA"
    }
},
{
    "model": "myapp.book",
    "pk": 1,
    "fields": {
        "title": "Advanced Optical Networks",
        "category": "S",
        "num_pages": 110,
        "price": "108.99",
        "publisher": 3,
        "description": "",
        "num_reviews": 2
    }
},
{
    "model": "myapp.book",
    "pk": 2,
    "fields": {
        "title": "Wireless Networks",
        "category": "S",
        "num_pages": 300,
        "price": "187.54",
        "publisher": 4,
        "description": "",
        "num_reviews": 1
    }
},
{
    "model": "myapp.book",
    "pk": 3,
    "fields": {
        "title": "A New World",
        "category": "T",
        "num_pages": 75,
        "price": "80.00",
        "publisher": 5,
        "description": "",
        "num_reviews": 1
    }
},
{
    "model": "myapp.book",
    "pk": 4,
    "fields": {
        "title": "Python Programming",
        "category": "S",
        "num_pages": 275,
        "price": "135.99",
        "publisher": 3,
        "description": "",
        "num_reviews": 0
    }
},
{
    "model": "myapp.book",
    "pk": 5,
    "fields": {
        "title": "A Good Story",
        "category": "F",
        "num_pages": 155,
        "price": "45.00",
        "publisher": 5,
        "description": "",
        "num_reviews": 2
    }
},
{
    "model": "myapp.book",
    "pk": 6,
    "fields": {
        "title": "Jane Austen",
        "category": "B",
        "num_pages": 360,
        "price": "75.50",
        "publisher": 5,
        "description": "",
        "num_reviews": 0
    }
},
{
    "model": "myapp.book",
    "pk": 7,
    "fields": {
        "title": "Jane Eyre",
        "category": "F",
        "num_pages": 280,
        "price": "100.00",
        "publisher": 5,
        "description": "",
        "num_reviews": 2
    }
},
{
    "model": "myapp.book",
    "pk": 8,
    "fields": {
        "title": "Art History",
        "category": "O",
        "num_pages": 430,
        "price": "1000.00",
        "publisher": 3,
        "description": "",
        "num_reviews": 0
    }
},
{
    "model": "myapp.member",
    "pk": 2,
    "fields": {
        "status": 2,
        "address": "123 University Avenue",
        "city": "Windsor",
        "province": "ON",
        "last_renewal": "2019-09-30",
        "auto_renew": true,
        "avatar": "",
        "groups": [],
        "user_permissions": [],
        "borrowed_books": [
            1,
            2,
            3,
            4
        ]
    }
},
{
    "model": "myapp.member",
    "pk": 3,
    "fields": {
        "status": 1,
        "address": "456 Sunset Avenue",
        "city": "Windsor",
        "province": "ON",
        "last_renewal": "2019-09-30",
        "auto_renew": true,
        "avatar": "",
        "groups": [],
        "user_permissions": [],
        "borrowed_books": [
            1,
            3,
            6,
            7,
            8
        ]
    }
},
{
    "model": "myapp.member",
    "pk": 4,
    "fields": {
        "status": 1,
        "address": "789 King Street",
        "city": "Calgary",
        "province": "AB",
        "last_renewal": "2019-09-30",
        "auto_renew": false,
        "avatar": "",
        "groups": [],
        "user_permissions": [],
        "borrowed_books": [
            2
        ]
    }
},
{
    "model": "myapp.member",
    "pk": 5,
    "fields": {
        "status": 3,
        "address": "456 Sunset Avenue",
        "city": "Montreal",
        "province": "QC",
        "last_renewal": "2019-09-30",
        "auto_renew": false,
        "avatar": "",
        "groups": [],
        "user_permissions": [],
        "borrowed_books": []
    }
},
{
    "model": "myapp.member",
    "pk": 6,
    "fields": {
        "status": 2,
        "address": "",
        "city": "Edmononton",
        "province": "AB",
        "last_renewal": "2019-09-30",
        "auto_renew": true,
        "avatar": "",
        "groups": [],
        "user_permissions": [],
        "borrowed_books": [
            3,
            7,
            8
        ]
    }
},
{
    "model": "myapp.member",
    "pk": 7,
    "fields": {
        "status": 2,
        "address": "102 Curry Avenue",
        "city": "Edmononton",
        "province": "AB",
        "last_renewal": "2019-09-30",
        "auto_renew": true,
        "avatar": "profile/124010.png",
        "groups": [],
        "user_permissions": [],
        "borrowed_books": [
            6,
            7,
            8
        ]
    }
},
{
    "model": "myapp.member",
    "pk": 8,
    "fields": {
        "status": 2,
        "address": "2315, college avenue",
        "city": "windsor",
        "province": "ON",
        "last_renewal": "2019-11-17",
        "auto_renew": false,
        "avatar": "profile/Copy_of_Movie_Night_-_Made_with_PosterMyWall.jpg",
        "groups": [],
        "user_permissions": [],
        "borrowed_books": [
            1,
            2,
            3
        ]
    }
},
{
    "model": "myapp.member",
    "pk": 9,
    "fields": {
        "status": 2,
        "address": "18100 W 164TH TER",
        "city": "OLATHE",
        "province": "KS",
        "last_renewal": "2019-11-18",
        "auto_renew": false,
        "avatar": "profile/Copy_of_Audition_-_Made_with_PosterMyWall_1.jpg",
        "groups": [],
        "user_permissions": [],
        "borrowed_books": []
    }
},
{
    "model": "myapp.member",
    "pk": 12,
    "fields": {
        "status": 3,
        "address": "18100 W 164TH TER",
        "city": "OLATHE",
        "province": "KS",
        "last_renewal": "2019-12-01",
        "auto_renew": false,
        "avatar": "profile/download_2.png",
        "groups": [],
        "user_permissions": [],
        "borrowed_books": []
    }
},
{
    "model": "myapp.member",
    "pk": 13,
    "fields": {
        "status": 2,
        "address": "2315, college avenue",
        "city": "windsor",
        "province": "ON",
        "last_renewal": "2019-12-01",
        "auto_renew": true,
        "avatar": "profile/win_prizes.png",
        "groups": [],
        "user_permissions": [],
        "borrowed_books": [
            5,
            6
        ]
    }
},
{
    "model": "myapp.member",
    "pk": 21,
    "fields": {
        "status": 2,
        "address": "18100 W 164TH TER",
        "city": "OLATHE",
        "province": "KS",
        "last_renewal": "2019-12-01",
        "auto_renew": true,
        "avatar": "profile/Social_Media-image.png",
        "groups": [],
        "user_permissions": [],
        "borrowed_books": []
    }
},
{
    "model": "myapp.order",
    "pk": 1,
    "fields": {
        "member": 2,
        "order_type": 1,
        "order_date": "2019-07-02",
        "books": [
            1,
            2
        ]
    }
},
{
    "model": "myapp.order",
    "pk": 2,
    "fields": {
        "member": 2,
        "order_type": 1,
        "order_date": "2019-06-19",
        "books": [
            3,
            4
        ]
    }
},
{
    "model": "myapp.order",
    "pk": 3,
    "fields": {
        "member": 3,
        "order_type": 1,
        "order_date": "2019-07-02",
        "books": [
            1,
            3
        ]
    }
},
{
    "model": "myapp.order",
    "pk": 4,
    "fields": {
        "member": 4,
        "order_type": 1,
        "order_date": "2019-07-24",
        "books": [
            2
        ]
    }
},
{
    "model": "myapp.order",
    "pk": 5,
    "fields": {
        "member": 6,
        "order_type": 1,
        "order_date": "2019-07-02",
        "books": [
            3,
            7,
            8
        ]
    }
},
{
    "model": "myapp.order",
    "pk": 6,
    "fields": {
        "member": 3,
        "order_type": 0,
        "order_date": "2019-06-25",
        "books": [
            5,
            6
        ]
    }
},
{
    "model": "myapp.order",
    "pk": 7,
    "fields": {
        "member": 5,
        "order_type": 0,
        "order_date": "2019-07-02",
        "books": [
            5,
            8
        ]
    }
},
{
    "model": "myapp.order",
    "pk": 30,
    "fields": {
        "member": 3,
        "order_type": 1,
        "order_date": "2019-11-15",
        "books": [
            6,
            7,
            8
        ]
    }
},
{
    "model": "myapp.order",
    "pk": 32,
    "fields": {
        "member": 7,
        "order_type": 1,
        "order_date": "2019-11-15",
        "books": [
            6,
            7,
            8
        ]
    }
},
{
    "model": "myapp.order",
    "pk": 33,
    "fields": {
        "member": 7,
        "order_type": 1,
        "order_date": "2019-11-16",
        "books": [
            6,
            7,
            8
        ]
    }
},
{
    "model": "myapp.order",
    "pk": 34,
    "fields": {
        "member": 8,
        "order_type": 1,
        "order_date": "2019-11-17",
        "books": [
            1,
            2
        ]
    }
},
{
    "model": "myapp.order",
    "pk": 35,
    "fields": {
        "member": 8,
        "order_type": 0,
        "order_date": "2019-11-18",
        "books": [
            1,
            2,
            3,
            4,
            5,
            6,
            7,
            8
        ]
    }
},
{
    "model": "myapp.order",
    "pk": 36,
    "fields": {
        "member": 8,
        "order_type": 1,
        "order_date": "2019-11-18",
        "books": [
            2,
            3
        ]
    }
},
{
    "model": "myapp.order",
    "pk": 37,
    "fields": {
        "member": 5,
        "order_type": 0,
        "order_date": "2019-11-18",
        "books": [
            6,
            7,
            8
        ]
    }
},
{
    "model": "myapp.order",
    "pk": 38,
    "fields": {
        "member": 5,
        "order_type": 0,
        "order_date": "2019-11-18",
        "books": [
            6,
            7,
            8
        ]
    }
},
{
    "model": "myapp.order",
    "pk": 39,
    "fields": {
        "member": 9,
        "order_type": 0,
        "order_date": "2019-11-18",
        "books": [
            2,
            3
        ]
    }
},
{
    "model": "myapp.order",
    "pk": 40,
    "fields": {
        "member": 8,
        "order_type": 1,
        "order_date": "2019-11-28",
        "books": [
            1
        ]
    }
},
{
    "model": "myapp.order",
    "pk": 41,
    "fields": {
        "member": 13,
        "order_type": 1,
        "order_date": "2019-12-01",
        "books": [
            5,
            6
        ]
    }
},
{
    "model": "myapp.review",
    "pk": 1,
    "fields": {
        "reviewer": "aman@gmail.com",
        "book": 5,
        "rating": 4,
        "comments": "fabulous book",
        "date": "2019-11-14"
    }
},
{
    "model": "myapp.review",
    "pk": 2,
    "fields": {
        "reviewer": "aman@gmail.com",
        "book": 5,
        "rating": 4,
        "comments": "fabulous book",
        "date": "2019-11-14"
    }
},
{
    "model": "myapp.review",
    "pk": 3,
    "fields": {
        "reviewer": "abc@gmail.com",
        "book": 1,
        "rating": 1,
        "comments": "Not that good book",
        "date": "2019-11-14"
    }
},
{
    "model": "myapp.review",
    "pk": 4,
    "fields": {
        "reviewer": "vivek@gmail.com",
        "book": 7,
        "rating": 4,
        "comments": "Impressive",
        "date": "2019-11-14"
    }
},
{
    "model": "myapp.review",
    "pk": 5,
    "fields": {
        "reviewer": "taya@gmail.com",
        "book": 3,
        "rating": 3,
        "comments": "Okay okay book",
        "date": "2019-11-14"
    }
},
{
    "model": "myapp.review",
    "pk": 7,
    "fields": {
        "reviewer": "taya@gmail.com",
        "book": 1,
        "rating": 5,
        "comments": "nice book",
        "date": "2019-11-19"
    }
},
{
    "model": "myapp.review",
    "pk": 8,
    "fields": {
        "reviewer": "aman683054@gmail.com",
        "book": 7,
        "rating": 5,
        "comments": "fantastic book",
        "date": "2019-12-05"
    }
}
]
